Year,Location,Mx,Sex
1981-01-01,Alabama,355.0900526,Male
1982-01-01,Alabama,350.1255167,Male
1983-01-01,Alabama,347.8082915,Male
1984-01-01,Alabama,351.7630096,Male
1985-01-01,Alabama,353.813274,Male
1986-01-01,Alabama,357.3919521,Male
1987-01-01,Alabama,354.8984518,Male
1988-01-01,Alabama,357.3263121,Male
1989-01-01,Alabama,354.8773551,Male
1990-01-01,Alabama,350.3227901,Male
1991-01-01,Alabama,351.0869191,Male
1992-01-01,Alabama,346.8597942,Male
1993-01-01,Alabama,348.7351306,Male
1994-01-01,Alabama,350.6720974,Male
1995-01-01,Alabama,352.0218921,Male
1996-01-01,Alabama,345.205563,Male
1997-01-01,Alabama,339.4168586,Male
1998-01-01,Alabama,336.8185092,Male
1999-01-01,Alabama,333.5639465,Male
2000-01-01,Alabama,333.7796544,Male
2001-01-01,Alabama,329.8197385,Male
2002-01-01,Alabama,328.2390361,Male
2003-01-01,Alabama,324.7595912,Male
2004-01-01,Alabama,315.0471569,Male
2005-01-01,Alabama,313.180863,Male
2006-01-01,Alabama,310.3531596,Male
2007-01-01,Alabama,304.3441464,Male
2008-01-01,Alabama,300.6875607,Male
2009-01-01,Alabama,297.6906571,Male
2010-01-01,Alabama,293.3850951,Male
2011-01-01,Alabama,294.1913823,Male
2012-01-01,Alabama,291.1004866,Male
2013-01-01,Alabama,292.8126227,Male
2014-01-01,Alabama,292.1051871,Male
1980-01-01,Alaska,306.3864953,Male
1981-01-01,Alaska,299.9392782,Male
1982-01-01,Alaska,294.0517186,Male
1983-01-01,Alaska,294.6029975,Male
1984-01-01,Alaska,293.2531585,Male
1985-01-01,Alaska,295.5019034,Male
1986-01-01,Alaska,293.4792863,Male
1987-01-01,Alaska,293.5962619,Male
1988-01-01,Alaska,293.9342363,Male
1989-01-01,Alaska,290.9009865,Male
1990-01-01,Alaska,288.8315731,Male
1991-01-01,Alaska,285.7421164,Male
1992-01-01,Alaska,282.4096282,Male
1993-01-01,Alaska,284.0834836,Male
1994-01-01,Alaska,282.565727,Male
1995-01-01,Alaska,284.9466729,Male
1996-01-01,Alaska,276.1602813,Male
1997-01-01,Alaska,269.2898668,Male
1998-01-01,Alaska,264.8443077,Male
1999-01-01,Alaska,261.8419803,Male
2000-01-01,Alaska,261.3089502,Male
2001-01-01,Alaska,260.3743263,Male
2002-01-01,Alaska,257.6321552,Male
2003-01-01,Alaska,251.6812734,Male
2004-01-01,Alaska,240.9935695,Male
2005-01-01,Alaska,239.5649517,Male
2006-01-01,Alaska,234.5544169,Male
2007-01-01,Alaska,232.7632374,Male
2008-01-01,Alaska,229.7589011,Male
2009-01-01,Alaska,226.0868021,Male
2010-01-01,Alaska,222.5297038,Male
2011-01-01,Alaska,222.8974527,Male
2012-01-01,Alaska,218.8419679,Male
2013-01-01,Alaska,220.127342,Male
2014-01-01,Alaska,223.9808996,Male
1980-01-01,Arizona,274.1991363,Male
1981-01-01,Arizona,272.594432,Male
1982-01-01,Arizona,270.4200547,Male
1983-01-01,Arizona,263.1394819,Male
1984-01-01,Arizona,265.7808494,Male
1985-01-01,Arizona,265.4612822,Male
1986-01-01,Arizona,264.7087657,Male
1987-01-01,Arizona,266.2847171,Male
1988-01-01,Arizona,268.0574868,Male
1989-01-01,Arizona,258.8808736,Male
1990-01-01,Arizona,260.399191,Male
1991-01-01,Arizona,260.0401791,Male
1992-01-01,Arizona,258.1414894,Male
1993-01-01,Arizona,258.1753289,Male
1994-01-01,Arizona,257.1040316,Male
1995-01-01,Arizona,248.2926648,Male
1996-01-01,Arizona,246.8809547,Male
1997-01-01,Arizona,237.4601308,Male
1998-01-01,Arizona,232.690907,Male
1999-01-01,Arizona,237.2491182,Male
2000-01-01,Arizona,234.6846326,Male
2001-01-01,Arizona,227.7865548,Male
2002-01-01,Arizona,232.1253111,Male
2003-01-01,Arizona,227.3165637,Male
2004-01-01,Arizona,219.4212158,Male
2005-01-01,Arizona,218.9086266,Male
2006-01-01,Arizona,216.6698529,Male
2007-01-01,Arizona,211.9023295,Male
2008-01-01,Arizona,207.0525791,Male
2009-01-01,Arizona,204.9979396,Male
2010-01-01,Arizona,202.0722255,Male
2011-01-01,Arizona,198.5504833,Male
2012-01-01,Arizona,200.9311862,Male
2013-01-01,Arizona,198.4414919,Male
2014-01-01,Arizona,199.8768797,Male
1980-01-01,Arkansas,344.1648781,Male
1981-01-01,Arkansas,340.6948487,Male
1982-01-01,Arkansas,338.065497,Male
1983-01-01,Arkansas,338.207921,Male
1984-01-01,Arkansas,338.7759917,Male
1985-01-01,Arkansas,341.1616556,Male
1986-01-01,Arkansas,342.6833455,Male
1987-01-01,Arkansas,341.5707196,Male
1988-01-01,Arkansas,341.5287081,Male
1989-01-01,Arkansas,338.3900287,Male
1990-01-01,Arkansas,337.1828476,Male
1991-01-01,Arkansas,333.7054373,Male
1992-01-01,Arkansas,331.6112593,Male
1993-01-01,Arkansas,335.1426514,Male
1994-01-01,Arkansas,333.2565734,Male
1995-01-01,Arkansas,335.0163738,Male
1996-01-01,Arkansas,325.7118011,Male
1997-01-01,Arkansas,318.8845335,Male
1998-01-01,Arkansas,316.0757806,Male
1999-01-01,Arkansas,314.7469091,Male
2000-01-01,Arkansas,312.6276729,Male
2001-01-01,Arkansas,310.547241,Male
2002-01-01,Arkansas,308.4989878,Male
2003-01-01,Arkansas,304.0083713,Male
2004-01-01,Arkansas,294.0983725,Male
2005-01-01,Arkansas,293.7169127,Male
2006-01-01,Arkansas,289.2291189,Male
2007-01-01,Arkansas,283.205837,Male
2008-01-01,Arkansas,282.3603015,Male
2009-01-01,Arkansas,278.2300986,Male
2010-01-01,Arkansas,274.3798503,Male
2011-01-01,Arkansas,273.5529334,Male
2012-01-01,Arkansas,271.9955145,Male
2013-01-01,Arkansas,271.5268856,Male
2014-01-01,Arkansas,274.2245456,Male
1980-01-01,California,295.6977769,Male
1981-01-01,California,291.7528625,Male
1982-01-01,California,288.7774926,Male
1983-01-01,California,282.0007825,Male
1984-01-01,California,286.4994798,Male
1985-01-01,California,286.8871882,Male
1986-01-01,California,284.0417887,Male
1987-01-01,California,281.0447187,Male
1988-01-01,California,279.2284664,Male
1989-01-01,California,275.3417152,Male
1990-01-01,California,270.132532,Male
1991-01-01,California,268.0663981,Male
1992-01-01,California,263.8129585,Male
1993-01-01,California,265.1903627,Male
1994-01-01,California,262.1907748,Male
1995-01-01,California,262.5097261,Male
1996-01-01,California,251.1549111,Male
1997-01-01,California,244.7666997,Male
1998-01-01,California,238.7969095,Male
1999-01-01,California,238.170337,Male
2000-01-01,California,235.1757122,Male
2001-01-01,California,234.6125339,Male
2002-01-01,California,229.0268435,Male
2003-01-01,California,225.5030269,Male
2004-01-01,California,217.0809273,Male
2005-01-01,California,216.450611,Male
2006-01-01,California,212.4956842,Male
2007-01-01,California,208.9399802,Male
2008-01-01,California,204.3428015,Male
2009-01-01,California,202.6535077,Male
2010-01-01,California,197.8132763,Male
2011-01-01,California,196.7020404,Male
2012-01-01,California,194.8391669,Male
2013-01-01,California,193.1166661,Male
2014-01-01,California,194.1498395,Male
1980-01-01,Colorado,253.8449484,Male
1981-01-01,Colorado,253.4626182,Male
1982-01-01,Colorado,246.5513307,Male
1983-01-01,Colorado,244.7223618,Male
1984-01-01,Colorado,246.4990895,Male
1985-01-01,Colorado,244.3838657,Male
1986-01-01,Colorado,247.1980268,Male
1987-01-01,Colorado,248.064734,Male
1988-01-01,Colorado,245.7027125,Male
1989-01-01,Colorado,245.7602581,Male
1990-01-01,Colorado,246.4714255,Male
1991-01-01,Colorado,244.8451907,Male
1992-01-01,Colorado,238.9442916,Male
1993-01-01,Colorado,242.370554,Male
1994-01-01,Colorado,243.6824689,Male
1995-01-01,Colorado,241.8348382,Male
1996-01-01,Colorado,235.236607,Male
1997-01-01,Colorado,230.9765658,Male
1998-01-01,Colorado,229.616627,Male
1999-01-01,Colorado,224.9501178,Male
2000-01-01,Colorado,222.4589662,Male
2001-01-01,Colorado,221.2590907,Male
2002-01-01,Colorado,223.498409,Male
2003-01-01,Colorado,219.0249064,Male
2004-01-01,Colorado,209.3947641,Male
2005-01-01,Colorado,206.4775379,Male
2006-01-01,Colorado,205.4323709,Male
2007-01-01,Colorado,200.7249792,Male
2008-01-01,Colorado,200.5959283,Male
2009-01-01,Colorado,196.5171655,Male
2010-01-01,Colorado,192.176359,Male
2011-01-01,Colorado,192.3406327,Male
2012-01-01,Colorado,191.1890822,Male
2013-01-01,Colorado,189.8526682,Male
2014-01-01,Colorado,193.037126,Male
1980-01-01,Connecticut,327.6082507,Male
1981-01-01,Connecticut,318.3383096,Male
1982-01-01,Connecticut,312.6754739,Male
1983-01-01,Connecticut,316.6444038,Male
1984-01-01,Connecticut,311.3214207,Male
1985-01-01,Connecticut,315.569444,Male
1986-01-01,Connecticut,312.042621,Male
1987-01-01,Connecticut,310.7445531,Male
1988-01-01,Connecticut,306.2127093,Male
1989-01-01,Connecticut,305.2699689,Male
1990-01-01,Connecticut,295.6590261,Male
1991-01-01,Connecticut,293.9820203,Male
1992-01-01,Connecticut,291.7857031,Male
1993-01-01,Connecticut,289.1336415,Male
1994-01-01,Connecticut,292.8622809,Male
1995-01-01,Connecticut,287.7675998,Male
1996-01-01,Connecticut,280.459436,Male
1997-01-01,Connecticut,271.2462868,Male
1998-01-01,Connecticut,268.5626385,Male
1999-01-01,Connecticut,264.3852332,Male
2000-01-01,Connecticut,260.3982368,Male
2001-01-01,Connecticut,254.0794172,Male
2002-01-01,Connecticut,256.4317383,Male
2003-01-01,Connecticut,251.1327133,Male
2004-01-01,Connecticut,242.9301331,Male
2005-01-01,Connecticut,239.7733992,Male
2006-01-01,Connecticut,235.0537834,Male
2007-01-01,Connecticut,227.6687987,Male
2008-01-01,Connecticut,226.0138608,Male
2009-01-01,Connecticut,221.4014919,Male
2010-01-01,Connecticut,218.0797357,Male
2011-01-01,Connecticut,218.1137839,Male
2012-01-01,Connecticut,214.2350487,Male
2013-01-01,Connecticut,211.5610098,Male
2014-01-01,Connecticut,213.555406,Male
1980-01-01,Delaware,358.5793701,Male
1981-01-01,Delaware,357.4519213,Male
1982-01-01,Delaware,351.7468825,Male
1983-01-01,Delaware,348.970818,Male
1984-01-01,Delaware,349.3035165,Male
1985-01-01,Delaware,353.3485439,Male
1986-01-01,Delaware,354.8967327,Male
1987-01-01,Delaware,347.5795862,Male
1988-01-01,Delaware,347.7228264,Male
1989-01-01,Delaware,340.9818282,Male
1990-01-01,Delaware,334.9737694,Male
1991-01-01,Delaware,331.7135864,Male
1992-01-01,Delaware,323.4662875,Male
1993-01-01,Delaware,329.750055,Male
1994-01-01,Delaware,328.8383161,Male
1995-01-01,Delaware,319.3165796,Male
1996-01-01,Delaware,316.2058201,Male
1997-01-01,Delaware,302.7762082,Male
1998-01-01,Delaware,296.9220168,Male
1999-01-01,Delaware,295.4925007,Male
2000-01-01,Delaware,286.7718448,Male
2001-01-01,Delaware,288.8404226,Male
2002-01-01,Delaware,280.6530842,Male
2003-01-01,Delaware,277.4248928,Male
2004-01-01,Delaware,272.5114199,Male
2005-01-01,Delaware,267.5505514,Male
2006-01-01,Delaware,260.1324346,Male
2007-01-01,Delaware,253.7301221,Male
2008-01-01,Delaware,252.4972924,Male
2009-01-01,Delaware,244.8764038,Male
2010-01-01,Delaware,244.4517604,Male
2011-01-01,Delaware,240.0930469,Male
2012-01-01,Delaware,232.7714643,Male
2013-01-01,Delaware,233.810415,Male
2014-01-01,Delaware,234.8964774,Male
1980-01-01,Florida,302.076588,Male
1981-01-01,Florida,295.6763187,Male
1982-01-01,Florida,292.2698976,Male
1983-01-01,Florida,291.0578646,Male
1984-01-01,Florida,290.6539144,Male
1985-01-01,Florida,293.7179856,Male
1986-01-01,Florida,293.2207166,Male
1987-01-01,Florida,291.7814908,Male
1988-01-01,Florida,290.2782089,Male
1989-01-01,Florida,288.8651915,Male
1990-01-01,Florida,284.7831688,Male
1991-01-01,Florida,282.638507,Male
1992-01-01,Florida,278.5444191,Male
1993-01-01,Florida,281.1229794,Male
1994-01-01,Florida,280.2047905,Male
1995-01-01,Florida,280.0421489,Male
1996-01-01,Florida,270.9918019,Male
1997-01-01,Florida,264.0917883,Male
1998-01-01,Florida,259.5130632,Male
1999-01-01,Florida,260.0476433,Male
2000-01-01,Florida,258.6256043,Male
2001-01-01,Florida,255.2405378,Male
2002-01-01,Florida,252.0496194,Male
2003-01-01,Florida,247.7946791,Male
2004-01-01,Florida,241.648572,Male
2005-01-01,Florida,240.0559956,Male
2006-01-01,Florida,237.5208442,Male
2007-01-01,Florida,231.4263135,Male
2008-01-01,Florida,229.5772701,Male
2009-01-01,Florida,226.9967322,Male
2010-01-01,Florida,223.8524404,Male
2011-01-01,Florida,221.143236,Male
2012-01-01,Florida,219.3616482,Male
2013-01-01,Florida,217.9634315,Male
2014-01-01,Florida,220.5395849,Male
1980-01-01,Georgia,351.8975123,Male
1981-01-01,Georgia,349.6603916,Male
1982-01-01,Georgia,341.2159223,Male
1983-01-01,Georgia,344.5916598,Male
1984-01-01,Georgia,342.8412139,Male
1985-01-01,Georgia,347.0058878,Male
1986-01-01,Georgia,347.3417738,Male
1987-01-01,Georgia,343.8536737,Male
1988-01-01,Georgia,345.0657829,Male
1989-01-01,Georgia,341.3459992,Male
1990-01-01,Georgia,336.3423725,Male
1991-01-01,Georgia,333.0948573,Male
1992-01-01,Georgia,329.3720748,Male
1993-01-01,Georgia,331.8774518,Male
1994-01-01,Georgia,328.7571713,Male
1995-01-01,Georgia,328.6077403,Male
1996-01-01,Georgia,318.8130915,Male
1997-01-01,Georgia,310.0736537,Male
1998-01-01,Georgia,307.7909638,Male
1999-01-01,Georgia,304.6562744,Male
2000-01-01,Georgia,301.7425911,Male
2001-01-01,Georgia,298.5688954,Male
2002-01-01,Georgia,295.1184514,Male
2003-01-01,Georgia,288.1808803,Male
2004-01-01,Georgia,280.7066539,Male
2005-01-01,Georgia,276.8090925,Male
2006-01-01,Georgia,273.326899,Male
2007-01-01,Georgia,266.4913841,Male
2008-01-01,Georgia,263.1818141,Male
2009-01-01,Georgia,258.2164983,Male
2010-01-01,Georgia,254.0950054,Male
2011-01-01,Georgia,251.0630159,Male
2012-01-01,Georgia,248.276105,Male
2013-01-01,Georgia,247.9236458,Male
2014-01-01,Georgia,249.7917994,Male
1980-01-01,Hawaii,244.9776222,Male
1981-01-01,Hawaii,243.3052494,Male
1982-01-01,Hawaii,238.3394257,Male
1983-01-01,Hawaii,239.3292699,Male
1984-01-01,Hawaii,242.3505237,Male
1985-01-01,Hawaii,246.121377,Male
1986-01-01,Hawaii,236.9134765,Male
1987-01-01,Hawaii,239.0371553,Male
1988-01-01,Hawaii,238.6310955,Male
1989-01-01,Hawaii,235.7558357,Male
1990-01-01,Hawaii,237.275003,Male
1991-01-01,Hawaii,231.1572632,Male
1992-01-01,Hawaii,233.91959,Male
1993-01-01,Hawaii,236.1420817,Male
1994-01-01,Hawaii,231.2149276,Male
1995-01-01,Hawaii,237.2618358,Male
1996-01-01,Hawaii,231.7206322,Male
1997-01-01,Hawaii,225.8942621,Male
1998-01-01,Hawaii,226.8412058,Male
1999-01-01,Hawaii,223.5213226,Male
2000-01-01,Hawaii,221.5032156,Male
2001-01-01,Hawaii,221.629053,Male
2002-01-01,Hawaii,221.1989702,Male
2003-01-01,Hawaii,221.62438,Male
2004-01-01,Hawaii,215.3628922,Male
2005-01-01,Hawaii,212.2200821,Male
2006-01-01,Hawaii,208.7458477,Male
2007-01-01,Hawaii,208.2505094,Male
2008-01-01,Hawaii,205.6073069,Male
2009-01-01,Hawaii,205.0201985,Male
2010-01-01,Hawaii,200.4917497,Male
2011-01-01,Hawaii,200.292909,Male
2012-01-01,Hawaii,199.3438928,Male
2013-01-01,Hawaii,200.4069665,Male
2014-01-01,Hawaii,205.2372013,Male
1980-01-01,Idaho,259.0473914,Male
1981-01-01,Idaho,259.8478024,Male
1982-01-01,Idaho,254.4067254,Male
1983-01-01,Idaho,255.9950605,Male
1984-01-01,Idaho,255.8800359,Male
1985-01-01,Idaho,256.4820418,Male
1986-01-01,Idaho,259.1710477,Male
1987-01-01,Idaho,256.7120915,Male
1988-01-01,Idaho,258.2645758,Male
1989-01-01,Idaho,255.9305344,Male
1990-01-01,Idaho,254.4948417,Male
1991-01-01,Idaho,251.175339,Male
1992-01-01,Idaho,250.4508736,Male
1993-01-01,Idaho,253.1392726,Male
1994-01-01,Idaho,250.6347008,Male
1995-01-01,Idaho,252.8872769,Male
1996-01-01,Idaho,248.1986562,Male
1997-01-01,Idaho,242.4317474,Male
1998-01-01,Idaho,240.083603,Male
1999-01-01,Idaho,239.2217902,Male
2000-01-01,Idaho,237.7689064,Male
2001-01-01,Idaho,235.8846938,Male
2002-01-01,Idaho,233.5132036,Male
2003-01-01,Idaho,231.696104,Male
2004-01-01,Idaho,222.9355967,Male
2005-01-01,Idaho,223.5018859,Male
2006-01-01,Idaho,219.7404915,Male
2007-01-01,Idaho,214.4662024,Male
2008-01-01,Idaho,212.78167,Male
2009-01-01,Idaho,210.7621491,Male
2010-01-01,Idaho,208.3057521,Male
2011-01-01,Idaho,208.1318736,Male
2012-01-01,Idaho,205.8716351,Male
2013-01-01,Idaho,205.8113881,Male
2014-01-01,Idaho,208.8448474,Male
1980-01-01,Illinois,324.0104757,Male
1981-01-01,Illinois,323.0729464,Male
1982-01-01,Illinois,319.4358139,Male
1983-01-01,Illinois,319.3074744,Male
1984-01-01,Illinois,316.4592073,Male
1985-01-01,Illinois,320.426578,Male
1986-01-01,Illinois,321.4705422,Male
1987-01-01,Illinois,318.3144521,Male
1988-01-01,Illinois,322.6094729,Male
1989-01-01,Illinois,321.1654512,Male
1990-01-01,Illinois,315.89516,Male
1991-01-01,Illinois,310.9176588,Male
1992-01-01,Illinois,307.3475773,Male
1993-01-01,Illinois,313.0132049,Male
1994-01-01,Illinois,311.3084034,Male
1995-01-01,Illinois,310.8695251,Male
1996-01-01,Illinois,300.8255825,Male
1997-01-01,Illinois,292.817951,Male
1998-01-01,Illinois,288.5825299,Male
1999-01-01,Illinois,286.6371785,Male
2000-01-01,Illinois,284.6097831,Male
2001-01-01,Illinois,282.1091029,Male
2002-01-01,Illinois,278.1766117,Male
2003-01-01,Illinois,273.3583566,Male
2004-01-01,Illinois,263.3426825,Male
2005-01-01,Illinois,258.7003921,Male
2006-01-01,Illinois,257.3300265,Male
2007-01-01,Illinois,249.6069151,Male
2008-01-01,Illinois,249.862782,Male
2009-01-01,Illinois,245.2670001,Male
2010-01-01,Illinois,238.7988038,Male
2011-01-01,Illinois,238.443407,Male
2012-01-01,Illinois,237.2697478,Male
2013-01-01,Illinois,236.3855193,Male
2014-01-01,Illinois,238.7934356,Male
1980-01-01,Indiana,320.3858388,Male
1981-01-01,Indiana,320.4943599,Male
1982-01-01,Indiana,312.8941216,Male
1983-01-01,Indiana,315.5461684,Male
1984-01-01,Indiana,317.6322817,Male
1985-01-01,Indiana,320.1093586,Male
1986-01-01,Indiana,322.8489127,Male
1987-01-01,Indiana,320.4393987,Male
1988-01-01,Indiana,323.0022013,Male
1989-01-01,Indiana,318.8498359,Male
1990-01-01,Indiana,316.8063408,Male
1991-01-01,Indiana,314.7040304,Male
1992-01-01,Indiana,311.858846,Male
1993-01-01,Indiana,314.8689831,Male
1994-01-01,Indiana,313.5326421,Male
1995-01-01,Indiana,313.6240039,Male
1996-01-01,Indiana,306.2521181,Male
1997-01-01,Indiana,300.2040206,Male
1998-01-01,Indiana,298.7616463,Male
1999-01-01,Indiana,299.0995652,Male
2000-01-01,Indiana,296.406929,Male
2001-01-01,Indiana,295.2324112,Male
2002-01-01,Indiana,290.8766679,Male
2003-01-01,Indiana,286.7740803,Male
2004-01-01,Indiana,277.0546828,Male
2005-01-01,Indiana,276.8580047,Male
2006-01-01,Indiana,273.8505295,Male
2007-01-01,Indiana,266.1552665,Male
2008-01-01,Indiana,264.9967488,Male
2009-01-01,Indiana,262.5680781,Male
2010-01-01,Indiana,258.4082805,Male
2011-01-01,Indiana,258.6718846,Male
2012-01-01,Indiana,258.4920639,Male
2013-01-01,Indiana,256.8551452,Male
2014-01-01,Indiana,260.7302902,Male
1980-01-01,Iowa,281.6312042,Male
1981-01-01,Iowa,278.6551415,Male
1982-01-01,Iowa,276.4289768,Male
1983-01-01,Iowa,278.1746432,Male
1984-01-01,Iowa,277.7686062,Male
1985-01-01,Iowa,281.1649989,Male
1986-01-01,Iowa,282.7658969,Male
1987-01-01,Iowa,281.6811373,Male
1988-01-01,Iowa,284.4972211,Male
1989-01-01,Iowa,280.6555478,Male
1990-01-01,Iowa,277.1937724,Male
1991-01-01,Iowa,277.1713625,Male
1992-01-01,Iowa,274.692588,Male
1993-01-01,Iowa,277.2824119,Male
1994-01-01,Iowa,277.8820114,Male
1995-01-01,Iowa,277.3015018,Male
1996-01-01,Iowa,271.6307017,Male
1997-01-01,Iowa,265.4669646,Male
1998-01-01,Iowa,264.0684349,Male
1999-01-01,Iowa,262.6986645,Male
2000-01-01,Iowa,261.4795597,Male
2001-01-01,Iowa,259.1262242,Male
2002-01-01,Iowa,258.2999044,Male
2003-01-01,Iowa,254.9340993,Male
2004-01-01,Iowa,247.2597395,Male
2005-01-01,Iowa,246.2886397,Male
2006-01-01,Iowa,242.53522,Male
2007-01-01,Iowa,238.619818,Male
2008-01-01,Iowa,237.3163319,Male
2009-01-01,Iowa,234.0653464,Male
2010-01-01,Iowa,231.7530494,Male
2011-01-01,Iowa,231.7947711,Male
2012-01-01,Iowa,229.6471696,Male
2013-01-01,Iowa,231.0665448,Male
2014-01-01,Iowa,233.7825332,Male
1980-01-01,Kansas,279.3763033,Male
1981-01-01,Kansas,278.6831054,Male
1982-01-01,Kansas,275.8079193,Male
1983-01-01,Kansas,277.7578056,Male
1984-01-01,Kansas,277.4160601,Male
1985-01-01,Kansas,280.4394957,Male
1986-01-01,Kansas,282.9277989,Male
1987-01-01,Kansas,281.5131071,Male
1988-01-01,Kansas,282.9524223,Male
1989-01-01,Kansas,280.6426164,Male
1990-01-01,Kansas,278.3789021,Male
1991-01-01,Kansas,280.2115678,Male
1992-01-01,Kansas,276.2874467,Male
1993-01-01,Kansas,279.1412764,Male
1994-01-01,Kansas,279.1381673,Male
1995-01-01,Kansas,280.1253108,Male
1996-01-01,Kansas,275.6779,Male
1997-01-01,Kansas,269.0321725,Male
1998-01-01,Kansas,267.0079979,Male
1999-01-01,Kansas,265.9602596,Male
2000-01-01,Kansas,264.9726532,Male
2001-01-01,Kansas,264.2002653,Male
2002-01-01,Kansas,261.4465691,Male
2003-01-01,Kansas,256.8884117,Male
2004-01-01,Kansas,248.468589,Male
2005-01-01,Kansas,249.8487432,Male
2006-01-01,Kansas,245.2457155,Male
2007-01-01,Kansas,241.6483155,Male
2008-01-01,Kansas,239.5617317,Male
2009-01-01,Kansas,236.8381841,Male
2010-01-01,Kansas,234.458228,Male
2011-01-01,Kansas,233.43873,Male
2012-01-01,Kansas,232.050276,Male
2013-01-01,Kansas,232.7638701,Male
2014-01-01,Kansas,237.0959104,Male
1980-01-01,Kentucky,339.8902316,Male
1981-01-01,Kentucky,337.5485367,Male
1982-01-01,Kentucky,335.6560023,Male
1983-01-01,Kentucky,338.8955168,Male
1984-01-01,Kentucky,339.307349,Male
1985-01-01,Kentucky,343.6200426,Male
1986-01-01,Kentucky,345.3810433,Male
1987-01-01,Kentucky,346.3362984,Male
1988-01-01,Kentucky,347.3176458,Male
1989-01-01,Kentucky,345.8445505,Male
1990-01-01,Kentucky,343.2825323,Male
1991-01-01,Kentucky,342.7253474,Male
1992-01-01,Kentucky,340.8686827,Male
1993-01-01,Kentucky,344.1711449,Male
1994-01-01,Kentucky,344.5424874,Male
1995-01-01,Kentucky,346.8502934,Male
1996-01-01,Kentucky,340.0540684,Male
1997-01-01,Kentucky,333.749268,Male
1998-01-01,Kentucky,328.9059336,Male
1999-01-01,Kentucky,329.5083232,Male
2000-01-01,Kentucky,329.8921801,Male
2001-01-01,Kentucky,328.1118952,Male
2002-01-01,Kentucky,328.1156863,Male
2003-01-01,Kentucky,320.4988203,Male
2004-01-01,Kentucky,308.9354255,Male
2005-01-01,Kentucky,309.8067535,Male
2006-01-01,Kentucky,306.1338696,Male
2007-01-01,Kentucky,301.4635068,Male
2008-01-01,Kentucky,299.0202165,Male
2009-01-01,Kentucky,294.3831441,Male
2010-01-01,Kentucky,292.0375685,Male
2011-01-01,Kentucky,292.5421385,Male
2012-01-01,Kentucky,291.3428959,Male
2013-01-01,Kentucky,291.6005749,Male
2014-01-01,Kentucky,296.6716963,Male
1980-01-01,Louisiana,363.5212151,Male
1981-01-01,Louisiana,361.2798322,Male
1982-01-01,Louisiana,356.9913291,Male
1983-01-01,Louisiana,356.9179361,Male
1984-01-01,Louisiana,356.0645944,Male
1985-01-01,Louisiana,363.5132124,Male
1986-01-01,Louisiana,361.166215,Male
1987-01-01,Louisiana,360.9446552,Male
1988-01-01,Louisiana,361.7253854,Male
1989-01-01,Louisiana,360.0255334,Male
1990-01-01,Louisiana,357.2496777,Male
1991-01-01,Louisiana,356.6699336,Male
1992-01-01,Louisiana,350.4219649,Male
1993-01-01,Louisiana,355.7696672,Male
1994-01-01,Louisiana,351.754599,Male
1995-01-01,Louisiana,352.4419347,Male
1996-01-01,Louisiana,346.8569215,Male
1997-01-01,Louisiana,335.4674311,Male
1998-01-01,Louisiana,334.1821293,Male
1999-01-01,Louisiana,332.3005252,Male
2000-01-01,Louisiana,327.7726858,Male
2001-01-01,Louisiana,326.8298052,Male
2002-01-01,Louisiana,322.3644568,Male
2003-01-01,Louisiana,316.7711073,Male
2004-01-01,Louisiana,308.7728946,Male
2005-01-01,Louisiana,305.275941,Male
2006-01-01,Louisiana,301.1185903,Male
2007-01-01,Louisiana,294.7245589,Male
2008-01-01,Louisiana,292.4484245,Male
2009-01-01,Louisiana,287.3128142,Male
2010-01-01,Louisiana,282.6140975,Male
2011-01-01,Louisiana,281.4425846,Male
2012-01-01,Louisiana,279.6813174,Male
2013-01-01,Louisiana,279.2418246,Male
2014-01-01,Louisiana,281.7263842,Male
1980-01-01,Maine,326.6817033,Male
1981-01-01,Maine,320.9872428,Male
1982-01-01,Maine,316.8617718,Male
1983-01-01,Maine,320.0302906,Male
1984-01-01,Maine,317.6995567,Male
1985-01-01,Maine,324.9803415,Male
1986-01-01,Maine,321.7434881,Male
1987-01-01,Maine,321.6866462,Male
1988-01-01,Maine,321.9985889,Male
1989-01-01,Maine,318.8681713,Male
1990-01-01,Maine,314.9858873,Male
1991-01-01,Maine,313.3942171,Male
1992-01-01,Maine,310.0072739,Male
1993-01-01,Maine,313.6605102,Male
1994-01-01,Maine,311.4661406,Male
1995-01-01,Maine,312.6079848,Male
1996-01-01,Maine,303.1020735,Male
1997-01-01,Maine,295.761955,Male
1998-01-01,Maine,293.6672268,Male
1999-01-01,Maine,290.6493305,Male
2000-01-01,Maine,288.5363692,Male
2001-01-01,Maine,286.7428153,Male
2002-01-01,Maine,286.4984667,Male
2003-01-01,Maine,277.7917106,Male
2004-01-01,Maine,269.4148013,Male
2005-01-01,Maine,270.3208849,Male
2006-01-01,Maine,264.6152801,Male
2007-01-01,Maine,259.2597981,Male
2008-01-01,Maine,255.6603001,Male
2009-01-01,Maine,251.7344376,Male
2010-01-01,Maine,250.014704,Male
2011-01-01,Maine,249.182075,Male
2012-01-01,Maine,245.1901754,Male
2013-01-01,Maine,246.0631638,Male
2014-01-01,Maine,246.5469386,Male
1980-01-01,Maryland,364.4278341,Male
1981-01-01,Maryland,359.44585,Male
1982-01-01,Maryland,355.7473215,Male
1983-01-01,Maryland,351.8902046,Male
1984-01-01,Maryland,351.4075754,Male
1985-01-01,Maryland,350.5832466,Male
1986-01-01,Maryland,349.5646269,Male
1987-01-01,Maryland,347.6939159,Male
1988-01-01,Maryland,344.1900204,Male
1989-01-01,Maryland,340.1819569,Male
1990-01-01,Maryland,335.4911005,Male
1991-01-01,Maryland,329.8585717,Male
1992-01-01,Maryland,322.913581,Male
1993-01-01,Maryland,323.071076,Male
1994-01-01,Maryland,320.0058,Male
1995-01-01,Maryland,321.1346317,Male
1996-01-01,Maryland,311.5310328,Male
1997-01-01,Maryland,297.9075651,Male
1998-01-01,Maryland,292.9242744,Male
1999-01-01,Maryland,288.6939969,Male
2000-01-01,Maryland,282.322253,Male
2001-01-01,Maryland,279.1614587,Male
2002-01-01,Maryland,274.3645422,Male
2003-01-01,Maryland,268.4259665,Male
2004-01-01,Maryland,257.1243222,Male
2005-01-01,Maryland,255.9953203,Male
2006-01-01,Maryland,249.5546227,Male
2007-01-01,Maryland,243.7819221,Male
2008-01-01,Maryland,239.6158759,Male
2009-01-01,Maryland,235.8497725,Male
2010-01-01,Maryland,227.9026151,Male
2011-01-01,Maryland,224.9786259,Male
2012-01-01,Maryland,222.9326286,Male
2013-01-01,Maryland,221.4121024,Male
2014-01-01,Maryland,222.8577667,Male
1980-01-01,Massachusetts,333.8210188,Male
1981-01-01,Massachusetts,327.9188885,Male
1982-01-01,Massachusetts,322.5191392,Male
1983-01-01,Massachusetts,325.5276512,Male
1984-01-01,Massachusetts,324.4992899,Male
1985-01-01,Massachusetts,324.3101872,Male
1986-01-01,Massachusetts,324.380457,Male
1987-01-01,Massachusetts,324.8487474,Male
1988-01-01,Massachusetts,320.6779178,Male
1989-01-01,Massachusetts,320.1420255,Male
1990-01-01,Massachusetts,311.0969412,Male
1991-01-01,Massachusetts,308.9893974,Male
1992-01-01,Massachusetts,310.2860133,Male
1993-01-01,Massachusetts,305.8294507,Male
1994-01-01,Massachusetts,305.1065403,Male
1995-01-01,Massachusetts,305.0829587,Male
1996-01-01,Massachusetts,297.9597473,Male
1997-01-01,Massachusetts,285.8586664,Male
1998-01-01,Massachusetts,286.0737625,Male
1999-01-01,Massachusetts,282.221195,Male
2000-01-01,Massachusetts,280.3405851,Male
2001-01-01,Massachusetts,274.0469534,Male
2002-01-01,Massachusetts,273.0709597,Male
2003-01-01,Massachusetts,267.0559741,Male
2004-01-01,Massachusetts,257.8956164,Male
2005-01-01,Massachusetts,253.1727997,Male
2006-01-01,Massachusetts,251.707641,Male
2007-01-01,Massachusetts,243.1948631,Male
2008-01-01,Massachusetts,239.9441617,Male
2009-01-01,Massachusetts,234.4455706,Male
2010-01-01,Massachusetts,232.3812029,Male
2011-01-01,Massachusetts,231.0464073,Male
2012-01-01,Massachusetts,225.8654287,Male
2013-01-01,Massachusetts,225.0001508,Male
2014-01-01,Massachusetts,230.0120412,Male
1980-01-01,Michigan,316.3707726,Male
1981-01-01,Michigan,312.4430788,Male
1982-01-01,Michigan,309.527295,Male
1983-01-01,Michigan,310.9061731,Male
1984-01-01,Michigan,309.2747773,Male
1985-01-01,Michigan,311.6599955,Male
1986-01-01,Michigan,311.9719623,Male
1987-01-01,Michigan,307.2024335,Male
1988-01-01,Michigan,308.1197684,Male
1989-01-01,Michigan,305.3536241,Male
1990-01-01,Michigan,302.5469206,Male
1991-01-01,Michigan,302.1010066,Male
1992-01-01,Michigan,298.6779156,Male
1993-01-01,Michigan,298.9444674,Male
1994-01-01,Michigan,299.5845228,Male
1995-01-01,Michigan,296.3088942,Male
1996-01-01,Michigan,289.5076674,Male
1997-01-01,Michigan,281.6273484,Male
1998-01-01,Michigan,281.3537407,Male
1999-01-01,Michigan,279.9065893,Male
2000-01-01,Michigan,276.4832498,Male
2001-01-01,Michigan,274.098579,Male
2002-01-01,Michigan,271.7673747,Male
2003-01-01,Michigan,265.5314598,Male
2004-01-01,Michigan,257.3044398,Male
2005-01-01,Michigan,255.7737924,Male
2006-01-01,Michigan,252.5008737,Male
2007-01-01,Michigan,247.1335847,Male
2008-01-01,Michigan,244.6171828,Male
2009-01-01,Michigan,242.1723458,Male
2010-01-01,Michigan,239.490085,Male
2011-01-01,Michigan,237.7708893,Male
2012-01-01,Michigan,235.7693373,Male
2013-01-01,Michigan,234.4658515,Male
2014-01-01,Michigan,239.8521794,Male
1980-01-01,Minnesota,274.4220984,Male
1981-01-01,Minnesota,271.6065725,Male
1982-01-01,Minnesota,268.4608655,Male
1983-01-01,Minnesota,269.0158838,Male
1984-01-01,Minnesota,272.6443263,Male
1985-01-01,Minnesota,273.4176554,Male
1986-01-01,Minnesota,277.2698375,Male
1987-01-01,Minnesota,274.9172152,Male
1988-01-01,Minnesota,275.6038559,Male
1989-01-01,Minnesota,274.5183319,Male
1990-01-01,Minnesota,271.1642437,Male
1991-01-01,Minnesota,269.5074199,Male
1992-01-01,Minnesota,268.3917506,Male
1993-01-01,Minnesota,269.7813982,Male
1994-01-01,Minnesota,270.1456598,Male
1995-01-01,Minnesota,269.7299389,Male
1996-01-01,Minnesota,264.3183656,Male
1997-01-01,Minnesota,257.9965139,Male
1998-01-01,Minnesota,256.092231,Male
1999-01-01,Minnesota,255.3732785,Male
2000-01-01,Minnesota,253.5871294,Male
2001-01-01,Minnesota,251.4259092,Male
2002-01-01,Minnesota,249.2968512,Male
2003-01-01,Minnesota,244.1772315,Male
2004-01-01,Minnesota,237.6577523,Male
2005-01-01,Minnesota,234.3044826,Male
2006-01-01,Minnesota,231.7295761,Male
2007-01-01,Minnesota,228.653293,Male
2008-01-01,Minnesota,225.8885098,Male
2009-01-01,Minnesota,224.0137079,Male
2010-01-01,Minnesota,220.830513,Male
2011-01-01,Minnesota,219.9200006,Male
2012-01-01,Minnesota,217.1453938,Male
2013-01-01,Minnesota,217.0438126,Male
2014-01-01,Minnesota,219.8341586,Male
1980-01-01,Mississippi,352.040893,Male
1981-01-01,Mississippi,348.8802505,Male
1982-01-01,Mississippi,345.6091616,Male
1983-01-01,Mississippi,347.733909,Male
1984-01-01,Mississippi,348.4612845,Male
1985-01-01,Mississippi,352.5789618,Male
1986-01-01,Mississippi,353.4286685,Male
1987-01-01,Mississippi,353.1551224,Male
1988-01-01,Mississippi,354.9010331,Male
1989-01-01,Mississippi,353.9875318,Male
1990-01-01,Mississippi,349.8206499,Male
1991-01-01,Mississippi,350.8482091,Male
1992-01-01,Mississippi,349.7578626,Male
1993-01-01,Mississippi,353.3595148,Male
1994-01-01,Mississippi,353.4365791,Male
1995-01-01,Mississippi,356.1035508,Male
1996-01-01,Mississippi,348.5925591,Male
1997-01-01,Mississippi,341.10617,Male
1998-01-01,Mississippi,340.0497392,Male
1999-01-01,Mississippi,339.5740094,Male
2000-01-01,Mississippi,336.820947,Male
2001-01-01,Mississippi,333.5927838,Male
2002-01-01,Mississippi,332.4522089,Male
2003-01-01,Mississippi,327.3754419,Male
2004-01-01,Mississippi,318.4182696,Male
2005-01-01,Mississippi,318.1757599,Male
2006-01-01,Mississippi,315.0403613,Male
2007-01-01,Mississippi,309.5845362,Male
2008-01-01,Mississippi,306.9437347,Male
2009-01-01,Mississippi,302.9290328,Male
2010-01-01,Mississippi,299.4214235,Male
2011-01-01,Mississippi,299.8466144,Male
2012-01-01,Mississippi,297.9398217,Male
2013-01-01,Mississippi,299.5305306,Male
2014-01-01,Mississippi,302.6887651,Male
1980-01-01,Missouri,327.5105945,Male
1981-01-01,Missouri,323.9166346,Male
1982-01-01,Missouri,318.6332977,Male
1983-01-01,Missouri,319.65164,Male
1984-01-01,Missouri,318.7449277,Male
1985-01-01,Missouri,323.3087414,Male
1986-01-01,Missouri,323.6729984,Male
1987-01-01,Missouri,320.1101963,Male
1988-01-01,Missouri,319.9640124,Male
1989-01-01,Missouri,319.3938649,Male
1990-01-01,Missouri,313.9630302,Male
1991-01-01,Missouri,312.1601557,Male
1992-01-01,Missouri,310.4830267,Male
1993-01-01,Missouri,313.1434798,Male
1994-01-01,Missouri,310.5130087,Male
1995-01-01,Missouri,311.7441896,Male
1996-01-01,Missouri,301.7656041,Male
1997-01-01,Missouri,295.5767313,Male
1998-01-01,Missouri,296.6225554,Male
1999-01-01,Missouri,291.1412528,Male
2000-01-01,Missouri,288.9427447,Male
2001-01-01,Missouri,286.42092,Male
2002-01-01,Missouri,285.4598866,Male
2003-01-01,Missouri,279.7297091,Male
2004-01-01,Missouri,272.2625495,Male
2005-01-01,Missouri,269.2995707,Male
2006-01-01,Missouri,266.5446396,Male
2007-01-01,Missouri,260.0577843,Male
2008-01-01,Missouri,258.3063076,Male
2009-01-01,Missouri,254.2019402,Male
2010-01-01,Missouri,249.8768158,Male
2011-01-01,Missouri,249.0770865,Male
2012-01-01,Missouri,249.2236212,Male
2013-01-01,Missouri,247.5525182,Male
2014-01-01,Missouri,251.5029153,Male
1980-01-01,Montana,287.6674066,Male
1981-01-01,Montana,284.7745642,Male
1982-01-01,Montana,280.2252954,Male
1983-01-01,Montana,279.7875041,Male
1984-01-01,Montana,279.2453632,Male
1985-01-01,Montana,281.4311133,Male
1986-01-01,Montana,281.8303928,Male
1987-01-01,Montana,279.1687231,Male
1988-01-01,Montana,279.0118503,Male
1989-01-01,Montana,277.4560988,Male
1990-01-01,Montana,273.2948432,Male
1991-01-01,Montana,272.6263221,Male
1992-01-01,Montana,269.5438473,Male
1993-01-01,Montana,273.0317522,Male
1994-01-01,Montana,271.1439669,Male
1995-01-01,Montana,270.5744375,Male
1996-01-01,Montana,264.2195932,Male
1997-01-01,Montana,257.75148,Male
1998-01-01,Montana,256.2402992,Male
1999-01-01,Montana,254.3741182,Male
2000-01-01,Montana,252.2405369,Male
2001-01-01,Montana,250.4556615,Male
2002-01-01,Montana,247.677081,Male
2003-01-01,Montana,243.8297827,Male
2004-01-01,Montana,235.5322433,Male
2005-01-01,Montana,234.3639035,Male
2006-01-01,Montana,230.512931,Male
2007-01-01,Montana,225.4407901,Male
2008-01-01,Montana,222.731477,Male
2009-01-01,Montana,218.8225245,Male
2010-01-01,Montana,216.3865121,Male
2011-01-01,Montana,215.791612,Male
2012-01-01,Montana,214.0832702,Male
2013-01-01,Montana,214.0551884,Male
2014-01-01,Montana,215.2467682,Male
1980-01-01,Nebraska,284.6346794,Male
1981-01-01,Nebraska,283.7337305,Male
1982-01-01,Nebraska,280.3214018,Male
1983-01-01,Nebraska,281.5091962,Male
1984-01-01,Nebraska,283.3118097,Male
1985-01-01,Nebraska,287.0248939,Male
1986-01-01,Nebraska,289.4749973,Male
1987-01-01,Nebraska,285.4897883,Male
1988-01-01,Nebraska,287.0613721,Male
1989-01-01,Nebraska,286.0153625,Male
1990-01-01,Nebraska,282.5311889,Male
1991-01-01,Nebraska,280.3779273,Male
1992-01-01,Nebraska,280.7077307,Male
1993-01-01,Nebraska,285.4437184,Male
1994-01-01,Nebraska,282.0559777,Male
1995-01-01,Nebraska,284.7737433,Male
1996-01-01,Nebraska,277.3010128,Male
1997-01-01,Nebraska,271.6055519,Male
1998-01-01,Nebraska,267.9033131,Male
1999-01-01,Nebraska,268.1488766,Male
2000-01-01,Nebraska,265.7807381,Male
2001-01-01,Nebraska,265.0387891,Male
2002-01-01,Nebraska,263.4454663,Male
2003-01-01,Nebraska,258.3898358,Male
2004-01-01,Nebraska,249.4917842,Male
2005-01-01,Nebraska,248.2745987,Male
2006-01-01,Nebraska,245.2788937,Male
2007-01-01,Nebraska,240.4101607,Male
2008-01-01,Nebraska,238.3197988,Male
2009-01-01,Nebraska,234.4398066,Male
2010-01-01,Nebraska,233.1969713,Male
2011-01-01,Nebraska,235.0569357,Male
2012-01-01,Nebraska,231.2759299,Male
2013-01-01,Nebraska,230.3356841,Male
2014-01-01,Nebraska,234.8509318,Male
1980-01-01,Nevada,319.1238049,Male
1981-01-01,Nevada,316.4609466,Male
1982-01-01,Nevada,314.8402452,Male
1983-01-01,Nevada,311.5258657,Male
1984-01-01,Nevada,313.826384,Male
1985-01-01,Nevada,316.7915031,Male
1986-01-01,Nevada,314.9311778,Male
1987-01-01,Nevada,314.6197916,Male
1988-01-01,Nevada,317.7871707,Male
1989-01-01,Nevada,311.3891658,Male
1990-01-01,Nevada,307.1840354,Male
1991-01-01,Nevada,303.95061,Male
1992-01-01,Nevada,309.3300285,Male
1993-01-01,Nevada,304.0836892,Male
1994-01-01,Nevada,302.9245148,Male
1995-01-01,Nevada,298.5042413,Male
1996-01-01,Nevada,296.033716,Male
1997-01-01,Nevada,278.9621763,Male
1998-01-01,Nevada,284.4450803,Male
1999-01-01,Nevada,278.2382429,Male
2000-01-01,Nevada,276.9026746,Male
2001-01-01,Nevada,274.3909436,Male
2002-01-01,Nevada,269.3838886,Male
2003-01-01,Nevada,270.4799005,Male
2004-01-01,Nevada,252.0046449,Male
2005-01-01,Nevada,255.7294716,Male
2006-01-01,Nevada,252.6060258,Male
2007-01-01,Nevada,245.9621329,Male
2008-01-01,Nevada,244.4905154,Male
2009-01-01,Nevada,240.9736565,Male
2010-01-01,Nevada,237.128024,Male
2011-01-01,Nevada,236.5362789,Male
2012-01-01,Nevada,230.4839645,Male
2013-01-01,Nevada,231.4299402,Male
2014-01-01,Nevada,236.032294,Male
1980-01-01,New Hampshire,319.4327443,Male
1981-01-01,New Hampshire,318.7608088,Male
1982-01-01,New Hampshire,309.902004,Male
1983-01-01,New Hampshire,313.7655236,Male
1984-01-01,New Hampshire,311.3579518,Male
1985-01-01,New Hampshire,316.6207436,Male
1986-01-01,New Hampshire,313.898918,Male
1987-01-01,New Hampshire,310.671588,Male
1988-01-01,New Hampshire,309.3925075,Male
1989-01-01,New Hampshire,306.8094087,Male
1990-01-01,New Hampshire,303.0054213,Male
1991-01-01,New Hampshire,301.1655369,Male
1992-01-01,New Hampshire,296.2391989,Male
1993-01-01,New Hampshire,296.9203452,Male
1994-01-01,New Hampshire,293.4998075,Male
1995-01-01,New Hampshire,294.3034184,Male
1996-01-01,New Hampshire,287.2401515,Male
1997-01-01,New Hampshire,281.1845555,Male
1998-01-01,New Hampshire,277.2627817,Male
1999-01-01,New Hampshire,272.646134,Male
2000-01-01,New Hampshire,273.5126928,Male
2001-01-01,New Hampshire,268.5274443,Male
2002-01-01,New Hampshire,266.6384944,Male
2003-01-01,New Hampshire,259.272417,Male
2004-01-01,New Hampshire,252.989828,Male
2005-01-01,New Hampshire,249.274165,Male
2006-01-01,New Hampshire,245.1452579,Male
2007-01-01,New Hampshire,240.3506624,Male
2008-01-01,New Hampshire,237.3512635,Male
2009-01-01,New Hampshire,233.9705272,Male
2010-01-01,New Hampshire,227.1911379,Male
2011-01-01,New Hampshire,231.0821549,Male
2012-01-01,New Hampshire,224.9070131,Male
2013-01-01,New Hampshire,222.8938482,Male
2014-01-01,New Hampshire,226.7227565,Male
1980-01-01,New Jersey,344.2696516,Male
1981-01-01,New Jersey,336.8710022,Male
1982-01-01,New Jersey,330.9029409,Male
1983-01-01,New Jersey,333.07918,Male
1984-01-01,New Jersey,332.7989012,Male
1985-01-01,New Jersey,335.9131077,Male
1986-01-01,New Jersey,333.6411971,Male
1987-01-01,New Jersey,331.7758721,Male
1988-01-01,New Jersey,327.9659207,Male
1989-01-01,New Jersey,325.5908009,Male
1990-01-01,New Jersey,319.789846,Male
1991-01-01,New Jersey,315.4374865,Male
1992-01-01,New Jersey,309.3787472,Male
1993-01-01,New Jersey,310.7622649,Male
1994-01-01,New Jersey,308.0992622,Male
1995-01-01,New Jersey,306.7142994,Male
1996-01-01,New Jersey,297.6269604,Male
1997-01-01,New Jersey,285.7066723,Male
1998-01-01,New Jersey,281.1785603,Male
1999-01-01,New Jersey,280.5607469,Male
2000-01-01,New Jersey,276.1231662,Male
2001-01-01,New Jersey,273.5725871,Male
2002-01-01,New Jersey,266.0950595,Male
2003-01-01,New Jersey,262.3339551,Male
2004-01-01,New Jersey,250.8654,Male
2005-01-01,New Jersey,248.0976123,Male
2006-01-01,New Jersey,243.9775809,Male
2007-01-01,New Jersey,239.0480814,Male
2008-01-01,New Jersey,233.9923353,Male
2009-01-01,New Jersey,230.2144027,Male
2010-01-01,New Jersey,226.4756496,Male
2011-01-01,New Jersey,223.9661676,Male
2012-01-01,New Jersey,220.5445907,Male
2013-01-01,New Jersey,218.3922046,Male
2014-01-01,New Jersey,220.0845037,Male
1980-01-01,New Mexico,256.5595518,Male
1981-01-01,New Mexico,251.2944668,Male
1982-01-01,New Mexico,251.6296881,Male
1983-01-01,New Mexico,249.921845,Male
1984-01-01,New Mexico,249.9924931,Male
1985-01-01,New Mexico,252.0264334,Male
1986-01-01,New Mexico,254.3601318,Male
1987-01-01,New Mexico,251.8336911,Male
1988-01-01,New Mexico,251.3817489,Male
1989-01-01,New Mexico,249.7004523,Male
1990-01-01,New Mexico,245.0551833,Male
1991-01-01,New Mexico,245.8814089,Male
1992-01-01,New Mexico,244.8329292,Male
1993-01-01,New Mexico,245.7456095,Male
1994-01-01,New Mexico,247.1852045,Male
1995-01-01,New Mexico,244.5412332,Male
1996-01-01,New Mexico,240.2537494,Male
1997-01-01,New Mexico,233.2853098,Male
1998-01-01,New Mexico,230.0893884,Male
1999-01-01,New Mexico,230.6774359,Male
2000-01-01,New Mexico,228.3206663,Male
2001-01-01,New Mexico,227.8744895,Male
2002-01-01,New Mexico,228.1219361,Male
2003-01-01,New Mexico,222.4534808,Male
2004-01-01,New Mexico,216.2230595,Male
2005-01-01,New Mexico,213.9158959,Male
2006-01-01,New Mexico,211.5334469,Male
2007-01-01,New Mexico,209.6973995,Male
2008-01-01,New Mexico,207.2780393,Male
2009-01-01,New Mexico,203.2689229,Male
2010-01-01,New Mexico,199.624567,Male
2011-01-01,New Mexico,198.8082833,Male
2012-01-01,New Mexico,200.1252789,Male
2013-01-01,New Mexico,199.5657888,Male
2014-01-01,New Mexico,202.786683,Male
1980-01-01,New York,329.7697229,Male
1981-01-01,New York,321.8869408,Male
1982-01-01,New York,314.3678055,Male
1983-01-01,New York,314.2772251,Male
1984-01-01,New York,313.4907701,Male
1985-01-01,New York,315.6588298,Male
1986-01-01,New York,318.1811014,Male
1987-01-01,New York,316.5624206,Male
1988-01-01,New York,316.8075837,Male
1989-01-01,New York,312.4755996,Male
1990-01-01,New York,305.8624482,Male
1991-01-01,New York,300.2318066,Male
1992-01-01,New York,294.6675042,Male
1993-01-01,New York,296.5615666,Male
1994-01-01,New York,296.7463574,Male
1995-01-01,New York,292.2956791,Male
1996-01-01,New York,281.7976127,Male
1997-01-01,New York,270.4966238,Male
1998-01-01,New York,263.9794075,Male
1999-01-01,New York,262.1315108,Male
2000-01-01,New York,258.7357245,Male
2001-01-01,New York,255.8069948,Male
2002-01-01,New York,250.5293876,Male
2003-01-01,New York,243.5809193,Male
2004-01-01,New York,237.4476643,Male
2005-01-01,New York,233.3498364,Male
2006-01-01,New York,228.0047821,Male
2007-01-01,New York,223.6304035,Male
2008-01-01,New York,220.2698946,Male
2009-01-01,New York,218.9627223,Male
2010-01-01,New York,213.0846219,Male
2011-01-01,New York,212.1374373,Male
2012-01-01,New York,210.5672718,Male
2013-01-01,New York,209.3913573,Male
2014-01-01,New York,210.7109826,Male
1980-01-01,North Carolina,324.7542822,Male
1981-01-01,North Carolina,322.0411199,Male
1982-01-01,North Carolina,316.4244479,Male
1983-01-01,North Carolina,318.1774008,Male
1984-01-01,North Carolina,317.3097524,Male
1985-01-01,North Carolina,321.2762319,Male
1986-01-01,North Carolina,322.7286284,Male
1987-01-01,North Carolina,321.7593322,Male
1988-01-01,North Carolina,323.0834563,Male
1989-01-01,North Carolina,321.0733544,Male
1990-01-01,North Carolina,316.7059706,Male
1991-01-01,North Carolina,314.5245105,Male
1992-01-01,North Carolina,312.3230211,Male
1993-01-01,North Carolina,314.927345,Male
1994-01-01,North Carolina,312.9719104,Male
1995-01-01,North Carolina,312.4922387,Male
1996-01-01,North Carolina,305.4045968,Male
1997-01-01,North Carolina,296.7202004,Male
1998-01-01,North Carolina,295.2744198,Male
1999-01-01,North Carolina,292.6348111,Male
2000-01-01,North Carolina,291.7601026,Male
2001-01-01,North Carolina,287.9241227,Male
2002-01-01,North Carolina,284.1703419,Male
2003-01-01,North Carolina,279.3079202,Male
2004-01-01,North Carolina,271.1782845,Male
2005-01-01,North Carolina,268.8372545,Male
2006-01-01,North Carolina,265.569631,Male
2007-01-01,North Carolina,260.1667595,Male
2008-01-01,North Carolina,256.4561105,Male
2009-01-01,North Carolina,252.905234,Male
2010-01-01,North Carolina,250.0373809,Male
2011-01-01,North Carolina,248.8648897,Male
2012-01-01,North Carolina,245.1493512,Male
2013-01-01,North Carolina,245.2596445,Male
2014-01-01,North Carolina,249.0053861,Male
1980-01-01,North Dakota,270.1606289,Male
1981-01-01,North Dakota,267.8191974,Male
1982-01-01,North Dakota,264.3777661,Male
1983-01-01,North Dakota,265.4048858,Male
1984-01-01,North Dakota,266.6465798,Male
1985-01-01,North Dakota,268.4435313,Male
1986-01-01,North Dakota,270.1375341,Male
1987-01-01,North Dakota,269.8530974,Male
1988-01-01,North Dakota,271.4822755,Male
1989-01-01,North Dakota,269.9268977,Male
1990-01-01,North Dakota,267.310344,Male
1991-01-01,North Dakota,266.1874384,Male
1992-01-01,North Dakota,264.6396599,Male
1993-01-01,North Dakota,267.5057205,Male
1994-01-01,North Dakota,267.0553451,Male
1995-01-01,North Dakota,267.0113707,Male
1996-01-01,North Dakota,260.9414244,Male
1997-01-01,North Dakota,254.2208458,Male
1998-01-01,North Dakota,253.7021428,Male
1999-01-01,North Dakota,253.1539777,Male
2000-01-01,North Dakota,251.702942,Male
2001-01-01,North Dakota,250.9596753,Male
2002-01-01,North Dakota,248.556012,Male
2003-01-01,North Dakota,245.530319,Male
2004-01-01,North Dakota,236.2896075,Male
2005-01-01,North Dakota,234.547033,Male
2006-01-01,North Dakota,232.409627,Male
2007-01-01,North Dakota,226.6157872,Male
2008-01-01,North Dakota,226.3278094,Male
2009-01-01,North Dakota,222.9570963,Male
2010-01-01,North Dakota,220.4948423,Male
2011-01-01,North Dakota,219.7535429,Male
2012-01-01,North Dakota,217.2422332,Male
2013-01-01,North Dakota,218.1509122,Male
2014-01-01,North Dakota,219.8410767,Male
1980-01-01,Ohio,336.9247857,Male
1981-01-01,Ohio,332.0965992,Male
1982-01-01,Ohio,327.4238873,Male
1983-01-01,Ohio,328.1013414,Male
1984-01-01,Ohio,327.24134,Male
1985-01-01,Ohio,329.6541788,Male
1986-01-01,Ohio,331.3196571,Male
1987-01-01,Ohio,326.985382,Male
1988-01-01,Ohio,326.7042424,Male
1989-01-01,Ohio,322.9653734,Male
1990-01-01,Ohio,320.4948598,Male
1991-01-01,Ohio,319.1143313,Male
1992-01-01,Ohio,314.3747502,Male
1993-01-01,Ohio,319.4298314,Male
1994-01-01,Ohio,316.2455419,Male
1995-01-01,Ohio,316.6480001,Male
1996-01-01,Ohio,309.9004704,Male
1997-01-01,Ohio,302.3776996,Male
1998-01-01,Ohio,298.27935,Male
1999-01-01,Ohio,296.790921,Male
2000-01-01,Ohio,294.600722,Male
2001-01-01,Ohio,293.0953693,Male
2002-01-01,Ohio,290.4059154,Male
2003-01-01,Ohio,284.5800523,Male
2004-01-01,Ohio,277.300267,Male
2005-01-01,Ohio,275.0335914,Male
2006-01-01,Ohio,269.9012813,Male
2007-01-01,Ohio,266.4033471,Male
2008-01-01,Ohio,263.1369949,Male
2009-01-01,Ohio,260.9726924,Male
2010-01-01,Ohio,255.2930728,Male
2011-01-01,Ohio,255.1847972,Male
2012-01-01,Ohio,253.253378,Male
2013-01-01,Ohio,251.3712815,Male
2014-01-01,Ohio,256.4423999,Male
1980-01-01,Oklahoma,304.6152477,Male
1981-01-01,Oklahoma,302.6446569,Male
1982-01-01,Oklahoma,298.9157623,Male
1983-01-01,Oklahoma,298.896816,Male
1984-01-01,Oklahoma,300.8098463,Male
1985-01-01,Oklahoma,303.4166822,Male
1986-01-01,Oklahoma,305.8724584,Male
1987-01-01,Oklahoma,303.6434703,Male
1988-01-01,Oklahoma,307.563249,Male
1989-01-01,Oklahoma,306.7869492,Male
1990-01-01,Oklahoma,303.0461231,Male
1991-01-01,Oklahoma,303.4854476,Male
1992-01-01,Oklahoma,301.8823054,Male
1993-01-01,Oklahoma,305.6994262,Male
1994-01-01,Oklahoma,305.2983359,Male
1995-01-01,Oklahoma,305.5342969,Male
1996-01-01,Oklahoma,300.3463189,Male
1997-01-01,Oklahoma,294.9299125,Male
1998-01-01,Oklahoma,294.0517334,Male
1999-01-01,Oklahoma,292.2808107,Male
2000-01-01,Oklahoma,290.3682293,Male
2001-01-01,Oklahoma,288.3295945,Male
2002-01-01,Oklahoma,287.7677168,Male
2003-01-01,Oklahoma,282.4017684,Male
2004-01-01,Oklahoma,273.8701665,Male
2005-01-01,Oklahoma,275.8482531,Male
2006-01-01,Oklahoma,271.0859424,Male
2007-01-01,Oklahoma,267.826892,Male
2008-01-01,Oklahoma,267.1825875,Male
2009-01-01,Oklahoma,262.189588,Male
2010-01-01,Oklahoma,259.4845181,Male
2011-01-01,Oklahoma,260.4886292,Male
2012-01-01,Oklahoma,256.6676431,Male
2013-01-01,Oklahoma,259.8301466,Male
2014-01-01,Oklahoma,261.7590825,Male
1980-01-01,Oregon,283.6691743,Male
1981-01-01,Oregon,281.8026832,Male
1982-01-01,Oregon,275.2910895,Male
1983-01-01,Oregon,277.2919056,Male
1984-01-01,Oregon,279.7792748,Male
1985-01-01,Oregon,283.8349039,Male
1986-01-01,Oregon,283.2057829,Male
1987-01-01,Oregon,283.91686,Male
1988-01-01,Oregon,281.8679275,Male
1989-01-01,Oregon,281.007812,Male
1990-01-01,Oregon,278.7518354,Male
1991-01-01,Oregon,276.3965833,Male
1992-01-01,Oregon,273.7054963,Male
1993-01-01,Oregon,277.6639195,Male
1994-01-01,Oregon,276.6031933,Male
1995-01-01,Oregon,276.0998287,Male
1996-01-01,Oregon,272.7741144,Male
1997-01-01,Oregon,263.4040467,Male
1998-01-01,Oregon,262.619211,Male
1999-01-01,Oregon,259.9620598,Male
2000-01-01,Oregon,259.1385116,Male
2001-01-01,Oregon,257.5341301,Male
2002-01-01,Oregon,256.3097034,Male
2003-01-01,Oregon,251.9935924,Male
2004-01-01,Oregon,243.9868357,Male
2005-01-01,Oregon,242.3364259,Male
2006-01-01,Oregon,239.3429955,Male
2007-01-01,Oregon,236.0739596,Male
2008-01-01,Oregon,234.1291893,Male
2009-01-01,Oregon,230.3935845,Male
2010-01-01,Oregon,226.2707724,Male
2011-01-01,Oregon,227.3208215,Male
2012-01-01,Oregon,225.204052,Male
2013-01-01,Oregon,225.9385676,Male
2014-01-01,Oregon,227.2201037,Male
1980-01-01,Pennsylvania,341.885149,Male
1981-01-01,Pennsylvania,336.2922521,Male
1982-01-01,Pennsylvania,330.2698575,Male
1983-01-01,Pennsylvania,331.1649063,Male
1984-01-01,Pennsylvania,330.8765329,Male
1985-01-01,Pennsylvania,334.002518,Male
1986-01-01,Pennsylvania,331.7532228,Male
1987-01-01,Pennsylvania,333.662627,Male
1988-01-01,Pennsylvania,329.474371,Male
1989-01-01,Pennsylvania,324.6052628,Male
1990-01-01,Pennsylvania,318.9815065,Male
1991-01-01,Pennsylvania,314.9977462,Male
1992-01-01,Pennsylvania,312.5026485,Male
1993-01-01,Pennsylvania,314.4338273,Male
1994-01-01,Pennsylvania,313.1752189,Male
1995-01-01,Pennsylvania,311.6111987,Male
1996-01-01,Pennsylvania,307.7073565,Male
1997-01-01,Pennsylvania,296.7955608,Male
1998-01-01,Pennsylvania,293.4096432,Male
1999-01-01,Pennsylvania,291.4386136,Male
2000-01-01,Pennsylvania,289.0668674,Male
2001-01-01,Pennsylvania,285.4562427,Male
2002-01-01,Pennsylvania,282.3604533,Male
2003-01-01,Pennsylvania,279.1422618,Male
2004-01-01,Pennsylvania,268.9999735,Male
2005-01-01,Pennsylvania,268.7914828,Male
2006-01-01,Pennsylvania,263.5055864,Male
2007-01-01,Pennsylvania,258.0883689,Male
2008-01-01,Pennsylvania,254.7164474,Male
2009-01-01,Pennsylvania,251.3679573,Male
2010-01-01,Pennsylvania,247.2752668,Male
2011-01-01,Pennsylvania,247.3883446,Male
2012-01-01,Pennsylvania,244.4749416,Male
2013-01-01,Pennsylvania,242.4191886,Male
2014-01-01,Pennsylvania,245.8952501,Male
1980-01-01,Rhode Island,337.5148298,Male
1981-01-01,Rhode Island,332.030884,Male
1982-01-01,Rhode Island,335.2358928,Male
1983-01-01,Rhode Island,330.6805116,Male
1984-01-01,Rhode Island,331.2817563,Male
1985-01-01,Rhode Island,327.7718162,Male
1986-01-01,Rhode Island,327.1719223,Male
1987-01-01,Rhode Island,324.7989404,Male
1988-01-01,Rhode Island,327.7915683,Male
1989-01-01,Rhode Island,326.7216155,Male
1990-01-01,Rhode Island,314.8990474,Male
1991-01-01,Rhode Island,310.327202,Male
1992-01-01,Rhode Island,311.2553724,Male
1993-01-01,Rhode Island,306.4774244,Male
1994-01-01,Rhode Island,305.2577239,Male
1995-01-01,Rhode Island,305.8430088,Male
1996-01-01,Rhode Island,297.8043228,Male
1997-01-01,Rhode Island,289.7971901,Male
1998-01-01,Rhode Island,289.0157563,Male
1999-01-01,Rhode Island,279.366361,Male
2000-01-01,Rhode Island,278.8202615,Male
2001-01-01,Rhode Island,278.6236997,Male
2002-01-01,Rhode Island,276.0829789,Male
2003-01-01,Rhode Island,268.5079852,Male
2004-01-01,Rhode Island,261.7326185,Male
2005-01-01,Rhode Island,257.8323775,Male
2006-01-01,Rhode Island,254.7067108,Male
2007-01-01,Rhode Island,245.3424956,Male
2008-01-01,Rhode Island,245.3054829,Male
2009-01-01,Rhode Island,240.5016331,Male
2010-01-01,Rhode Island,240.5142462,Male
2011-01-01,Rhode Island,238.010649,Male
2012-01-01,Rhode Island,235.480472,Male
2013-01-01,Rhode Island,235.3769793,Male
2014-01-01,Rhode Island,234.6862775,Male
1980-01-01,South Carolina,341.9925493,Male
1981-01-01,South Carolina,338.5624904,Male
1982-01-01,South Carolina,332.5096254,Male
1983-01-01,South Carolina,335.0747584,Male
1984-01-01,South Carolina,334.5504017,Male
1985-01-01,South Carolina,337.2090064,Male
1986-01-01,South Carolina,338.4395802,Male
1987-01-01,South Carolina,336.0926013,Male
1988-01-01,South Carolina,336.5031826,Male
1989-01-01,South Carolina,335.9680652,Male
1990-01-01,South Carolina,331.6365352,Male
1991-01-01,South Carolina,328.3283692,Male
1992-01-01,South Carolina,326.110348,Male
1993-01-01,South Carolina,328.0249261,Male
1994-01-01,South Carolina,327.594113,Male
1995-01-01,South Carolina,327.2292079,Male
1996-01-01,South Carolina,319.4752134,Male
1997-01-01,South Carolina,311.1200246,Male
1998-01-01,South Carolina,306.9079684,Male
1999-01-01,South Carolina,307.078691,Male
2000-01-01,South Carolina,307.2429438,Male
2001-01-01,South Carolina,303.1329851,Male
2002-01-01,South Carolina,300.0355045,Male
2003-01-01,South Carolina,294.1340123,Male
2004-01-01,South Carolina,284.212166,Male
2005-01-01,South Carolina,283.4206002,Male
2006-01-01,South Carolina,278.0999669,Male
2007-01-01,South Carolina,272.5841264,Male
2008-01-01,South Carolina,269.3413305,Male
2009-01-01,South Carolina,266.0545962,Male
2010-01-01,South Carolina,261.7411636,Male
2011-01-01,South Carolina,260.1915263,Male
2012-01-01,South Carolina,257.678587,Male
2013-01-01,South Carolina,257.2162671,Male
2014-01-01,South Carolina,259.2991051,Male
1980-01-01,South Dakota,273.2573111,Male
1981-01-01,South Dakota,272.3107103,Male
1982-01-01,South Dakota,269.0969084,Male
1983-01-01,South Dakota,271.1667004,Male
1984-01-01,South Dakota,272.5074569,Male
1985-01-01,South Dakota,275.8606823,Male
1986-01-01,South Dakota,277.0788282,Male
1987-01-01,South Dakota,276.8244737,Male
1988-01-01,South Dakota,277.1732073,Male
1989-01-01,South Dakota,275.1950618,Male
1990-01-01,South Dakota,272.0727949,Male
1991-01-01,South Dakota,272.5536237,Male
1992-01-01,South Dakota,270.6990914,Male
1993-01-01,South Dakota,274.1605943,Male
1994-01-01,South Dakota,271.8512779,Male
1995-01-01,South Dakota,273.7782961,Male
1996-01-01,South Dakota,267.3918323,Male
1997-01-01,South Dakota,261.4975813,Male
1998-01-01,South Dakota,259.1842108,Male
1999-01-01,South Dakota,259.7949618,Male
2000-01-01,South Dakota,256.602926,Male
2001-01-01,South Dakota,256.2645646,Male
2002-01-01,South Dakota,254.0367891,Male
2003-01-01,South Dakota,251.5082358,Male
2004-01-01,South Dakota,241.5507403,Male
2005-01-01,South Dakota,241.8141979,Male
2006-01-01,South Dakota,238.5935832,Male
2007-01-01,South Dakota,234.1357954,Male
2008-01-01,South Dakota,231.5559159,Male
2009-01-01,South Dakota,228.7669277,Male
2010-01-01,South Dakota,227.0726119,Male
2011-01-01,South Dakota,226.1803912,Male
2012-01-01,South Dakota,224.6248294,Male
2013-01-01,South Dakota,223.3270268,Male
2014-01-01,South Dakota,227.0966636,Male
1980-01-01,Tennessee,331.0257129,Male
1981-01-01,Tennessee,329.9203399,Male
1982-01-01,Tennessee,324.1647851,Male
1983-01-01,Tennessee,324.8995077,Male
1984-01-01,Tennessee,329.3916484,Male
1985-01-01,Tennessee,331.1481186,Male
1986-01-01,Tennessee,335.0898219,Male
1987-01-01,Tennessee,333.3091878,Male
1988-01-01,Tennessee,334.1563628,Male
1989-01-01,Tennessee,332.4849724,Male
1990-01-01,Tennessee,330.6978382,Male
1991-01-01,Tennessee,327.3245348,Male
1992-01-01,Tennessee,325.8759602,Male
1993-01-01,Tennessee,329.8673758,Male
1994-01-01,Tennessee,330.335677,Male
1995-01-01,Tennessee,331.7045193,Male
1996-01-01,Tennessee,323.8972349,Male
1997-01-01,Tennessee,316.7768009,Male
1998-01-01,Tennessee,315.3313047,Male
1999-01-01,Tennessee,314.1298359,Male
2000-01-01,Tennessee,313.9679656,Male
2001-01-01,Tennessee,310.0610245,Male
2002-01-01,Tennessee,308.4699345,Male
2003-01-01,Tennessee,303.4004696,Male
2004-01-01,Tennessee,294.4030727,Male
2005-01-01,Tennessee,294.0148283,Male
2006-01-01,Tennessee,290.8085158,Male
2007-01-01,Tennessee,285.6235247,Male
2008-01-01,Tennessee,281.8391717,Male
2009-01-01,Tennessee,279.9682188,Male
2010-01-01,Tennessee,276.470444,Male
2011-01-01,Tennessee,275.6503273,Male
2012-01-01,Tennessee,274.5760874,Male
2013-01-01,Tennessee,273.5052678,Male
2014-01-01,Tennessee,278.7319589,Male
1980-01-01,Texas,318.1595021,Male
1981-01-01,Texas,315.5220921,Male
1982-01-01,Texas,309.3311756,Male
1983-01-01,Texas,310.682885,Male
1984-01-01,Texas,308.4209759,Male
1985-01-01,Texas,310.6126449,Male
1986-01-01,Texas,310.89313,Male
1987-01-01,Texas,309.2250347,Male
1988-01-01,Texas,309.7380403,Male
1989-01-01,Texas,308.0636141,Male
1990-01-01,Texas,304.4577075,Male
1991-01-01,Texas,300.3448038,Male
1992-01-01,Texas,297.4652541,Male
1993-01-01,Texas,300.4125999,Male
1994-01-01,Texas,297.3254526,Male
1995-01-01,Texas,295.0308351,Male
1996-01-01,Texas,287.4178233,Male
1997-01-01,Texas,280.1769688,Male
1998-01-01,Texas,274.3553023,Male
1999-01-01,Texas,271.5735567,Male
2000-01-01,Texas,269.1361259,Male
2001-01-01,Texas,266.5332704,Male
2002-01-01,Texas,264.1903982,Male
2003-01-01,Texas,256.7399165,Male
2004-01-01,Texas,249.7482639,Male
2005-01-01,Texas,246.8280529,Male
2006-01-01,Texas,242.0878568,Male
2007-01-01,Texas,237.3557208,Male
2008-01-01,Texas,235.0685602,Male
2009-01-01,Texas,229.7054835,Male
2010-01-01,Texas,226.6522618,Male
2011-01-01,Texas,225.0033238,Male
2012-01-01,Texas,222.2095963,Male
2013-01-01,Texas,221.8861972,Male
2014-01-01,Texas,223.3423586,Male
1980-01-01,Utah,213.0889092,Male
1981-01-01,Utah,213.2524525,Male
1982-01-01,Utah,209.4519664,Male
1983-01-01,Utah,208.6771883,Male
1984-01-01,Utah,212.7819095,Male
1985-01-01,Utah,212.4768979,Male
1986-01-01,Utah,216.2152671,Male
1987-01-01,Utah,214.2714879,Male
1988-01-01,Utah,214.3579235,Male
1989-01-01,Utah,214.9210281,Male
1990-01-01,Utah,211.3402319,Male
1991-01-01,Utah,212.8493769,Male
1992-01-01,Utah,208.0282715,Male
1993-01-01,Utah,211.4971931,Male
1994-01-01,Utah,211.0971219,Male
1995-01-01,Utah,212.3049975,Male
1996-01-01,Utah,206.4637389,Male
1997-01-01,Utah,202.2515752,Male
1998-01-01,Utah,203.4381964,Male
1999-01-01,Utah,202.5941826,Male
2000-01-01,Utah,200.3477467,Male
2001-01-01,Utah,199.7927102,Male
2002-01-01,Utah,199.7698339,Male
2003-01-01,Utah,195.1323476,Male
2004-01-01,Utah,191.5231724,Male
2005-01-01,Utah,189.5071932,Male
2006-01-01,Utah,186.8375204,Male
2007-01-01,Utah,185.038447,Male
2008-01-01,Utah,179.6775124,Male
2009-01-01,Utah,178.6729168,Male
2010-01-01,Utah,178.9167109,Male
2011-01-01,Utah,177.4884723,Male
2012-01-01,Utah,177.8950111,Male
2013-01-01,Utah,178.128049,Male
2014-01-01,Utah,180.28078,Male
1980-01-01,Vermont,316.1651528,Male
1981-01-01,Vermont,310.0533776,Male
1982-01-01,Vermont,306.0209785,Male
1983-01-01,Vermont,306.3514682,Male
1984-01-01,Vermont,305.7579156,Male
1985-01-01,Vermont,307.7278386,Male
1986-01-01,Vermont,308.46397,Male
1987-01-01,Vermont,305.7641704,Male
1988-01-01,Vermont,304.0350814,Male
1989-01-01,Vermont,302.3244126,Male
1990-01-01,Vermont,298.6107838,Male
1991-01-01,Vermont,292.9320924,Male
1992-01-01,Vermont,293.0413349,Male
1993-01-01,Vermont,293.432884,Male
1994-01-01,Vermont,289.9459261,Male
1995-01-01,Vermont,290.5883023,Male
1996-01-01,Vermont,283.0209032,Male
1997-01-01,Vermont,274.9986197,Male
1998-01-01,Vermont,270.775572,Male
1999-01-01,Vermont,268.6208444,Male
2000-01-01,Vermont,265.5043217,Male
2001-01-01,Vermont,262.1438772,Male
2002-01-01,Vermont,259.0103701,Male
2003-01-01,Vermont,252.8903598,Male
2004-01-01,Vermont,244.9060299,Male
2005-01-01,Vermont,242.4851765,Male
2006-01-01,Vermont,236.6673567,Male
2007-01-01,Vermont,232.9201358,Male
2008-01-01,Vermont,230.8285968,Male
2009-01-01,Vermont,225.5659272,Male
2010-01-01,Vermont,223.0809114,Male
2011-01-01,Vermont,221.7110073,Male
2012-01-01,Vermont,218.5821373,Male
2013-01-01,Vermont,218.5932258,Male
2014-01-01,Vermont,220.3556573,Male
1980-01-01,Virginia,350.1950994,Male
1981-01-01,Virginia,345.0620266,Male
1982-01-01,Virginia,339.2627434,Male
1983-01-01,Virginia,339.7267637,Male
1984-01-01,Virginia,338.4152279,Male
1985-01-01,Virginia,339.5605661,Male
1986-01-01,Virginia,340.3585899,Male
1987-01-01,Virginia,337.0092142,Male
1988-01-01,Virginia,335.9875273,Male
1989-01-01,Virginia,329.8873981,Male
1990-01-01,Virginia,326.2627125,Male
1991-01-01,Virginia,323.6916785,Male
1992-01-01,Virginia,318.5282228,Male
1993-01-01,Virginia,321.3033334,Male
1994-01-01,Virginia,318.5091718,Male
1995-01-01,Virginia,316.3349925,Male
1996-01-01,Virginia,308.1187416,Male
1997-01-01,Virginia,300.1473686,Male
1998-01-01,Virginia,295.0440045,Male
1999-01-01,Virginia,292.9715408,Male
2000-01-01,Virginia,289.4687043,Male
2001-01-01,Virginia,283.8817235,Male
2002-01-01,Virginia,281.3532256,Male
2003-01-01,Virginia,276.1144013,Male
2004-01-01,Virginia,265.0816425,Male
2005-01-01,Virginia,262.654972,Male
2006-01-01,Virginia,258.3592938,Male
2007-01-01,Virginia,252.4687654,Male
2008-01-01,Virginia,248.6808828,Male
2009-01-01,Virginia,245.2003485,Male
2010-01-01,Virginia,239.8740168,Male
2011-01-01,Virginia,237.2605062,Male
2012-01-01,Virginia,234.1164194,Male
2013-01-01,Virginia,232.863251,Male
2014-01-01,Virginia,234.4835497,Male
1980-01-01,Washington,280.6005265,Male
1981-01-01,Washington,276.201707,Male
1982-01-01,Washington,271.8494805,Male
1983-01-01,Washington,271.4252903,Male
1984-01-01,Washington,273.8807934,Male
1985-01-01,Washington,278.075914,Male
1986-01-01,Washington,275.4421155,Male
1987-01-01,Washington,274.4612352,Male
1988-01-01,Washington,273.437789,Male
1989-01-01,Washington,271.579822,Male
1990-01-01,Washington,269.959737,Male
1991-01-01,Washington,264.1670192,Male
1992-01-01,Washington,266.4735565,Male
1993-01-01,Washington,270.851062,Male
1994-01-01,Washington,265.8405469,Male
1995-01-01,Washington,265.2664891,Male
1996-01-01,Washington,260.8881445,Male
1997-01-01,Washington,248.9624974,Male
1998-01-01,Washington,249.4732707,Male
1999-01-01,Washington,251.9182194,Male
2000-01-01,Washington,248.4285845,Male
2001-01-01,Washington,247.0238601,Male
2002-01-01,Washington,245.0695237,Male
2003-01-01,Washington,240.8290641,Male
2004-01-01,Washington,232.395964,Male
2005-01-01,Washington,231.6753635,Male
2006-01-01,Washington,227.5875482,Male
2007-01-01,Washington,225.4364753,Male
2008-01-01,Washington,223.8369437,Male
2009-01-01,Washington,220.6130642,Male
2010-01-01,Washington,217.0050367,Male
2011-01-01,Washington,217.9700007,Male
2012-01-01,Washington,214.9335788,Male
2013-01-01,Washington,212.0385388,Male
2014-01-01,Washington,216.231006,Male
1980-01-01,West Virginia,320.7276398,Male
1981-01-01,West Virginia,318.9821053,Male
1982-01-01,West Virginia,315.6023623,Male
1983-01-01,West Virginia,319.215732,Male
1984-01-01,West Virginia,319.8878566,Male
1985-01-01,West Virginia,324.7449928,Male
1986-01-01,West Virginia,329.4722636,Male
1987-01-01,West Virginia,327.9302813,Male
1988-01-01,West Virginia,330.2254145,Male
1989-01-01,West Virginia,329.51347,Male
1990-01-01,West Virginia,328.0073537,Male
1991-01-01,West Virginia,327.3095521,Male
1992-01-01,West Virginia,325.0476688,Male
1993-01-01,West Virginia,329.6360037,Male
1994-01-01,West Virginia,328.5863618,Male
1995-01-01,West Virginia,329.2665232,Male
1996-01-01,West Virginia,323.6912845,Male
1997-01-01,West Virginia,318.1505119,Male
1998-01-01,West Virginia,316.2580209,Male
1999-01-01,West Virginia,315.9472683,Male
2000-01-01,West Virginia,314.3066459,Male
2001-01-01,West Virginia,312.4149102,Male
2002-01-01,West Virginia,311.2846665,Male
2003-01-01,West Virginia,305.7549046,Male
2004-01-01,West Virginia,297.4414071,Male
2005-01-01,West Virginia,296.4600325,Male
2006-01-01,West Virginia,293.1822362,Male
2007-01-01,West Virginia,289.0996692,Male
2008-01-01,West Virginia,286.0848138,Male
2009-01-01,West Virginia,285.602622,Male
2010-01-01,West Virginia,281.0488136,Male
2011-01-01,West Virginia,281.2240503,Male
2012-01-01,West Virginia,279.2527788,Male
2013-01-01,West Virginia,280.3181863,Male
2014-01-01,West Virginia,285.0101372,Male
1980-01-01,Wisconsin,287.173771,Male
1981-01-01,Wisconsin,285.1254361,Male
1982-01-01,Wisconsin,280.6317096,Male
1983-01-01,Wisconsin,281.600999,Male
1984-01-01,Wisconsin,284.0010722,Male
1985-01-01,Wisconsin,284.4878802,Male
1986-01-01,Wisconsin,286.5497761,Male
1987-01-01,Wisconsin,284.9560141,Male
1988-01-01,Wisconsin,287.2502074,Male
1989-01-01,Wisconsin,284.5858742,Male
1990-01-01,Wisconsin,282.0308532,Male
1991-01-01,Wisconsin,281.2930702,Male
1992-01-01,Wisconsin,276.9379648,Male
1993-01-01,Wisconsin,279.2816344,Male
1994-01-01,Wisconsin,279.1938417,Male
1995-01-01,Wisconsin,279.4553455,Male
1996-01-01,Wisconsin,273.7561072,Male
1997-01-01,Wisconsin,266.1242922,Male
1998-01-01,Wisconsin,266.020601,Male
1999-01-01,Wisconsin,264.8418572,Male
2000-01-01,Wisconsin,263.1851874,Male
2001-01-01,Wisconsin,260.4769457,Male
2002-01-01,Wisconsin,259.2515845,Male
2003-01-01,Wisconsin,252.7889875,Male
2004-01-01,Wisconsin,247.1009166,Male
2005-01-01,Wisconsin,245.2246015,Male
2006-01-01,Wisconsin,240.6573175,Male
2007-01-01,Wisconsin,235.9540376,Male
2008-01-01,Wisconsin,233.9700681,Male
2009-01-01,Wisconsin,230.8043796,Male
2010-01-01,Wisconsin,227.880506,Male
2011-01-01,Wisconsin,227.8229813,Male
2012-01-01,Wisconsin,224.9347419,Male
2013-01-01,Wisconsin,225.80046,Male
2014-01-01,Wisconsin,227.9038763,Male
1980-01-01,Wyoming,271.4352127,Male
1981-01-01,Wyoming,268.7413224,Male
1982-01-01,Wyoming,264.3911246,Male
1983-01-01,Wyoming,265.2057212,Male
1984-01-01,Wyoming,264.5271531,Male
1985-01-01,Wyoming,267.2923792,Male
1986-01-01,Wyoming,268.1233329,Male
1987-01-01,Wyoming,266.2600694,Male
1988-01-01,Wyoming,266.8307224,Male
1989-01-01,Wyoming,264.9244797,Male
1990-01-01,Wyoming,261.5632918,Male
1991-01-01,Wyoming,258.7025069,Male
1992-01-01,Wyoming,257.4501589,Male
1993-01-01,Wyoming,259.5870286,Male
1994-01-01,Wyoming,257.753896,Male
1995-01-01,Wyoming,260.8826127,Male
1996-01-01,Wyoming,253.0152917,Male
1997-01-01,Wyoming,247.9805511,Male
1998-01-01,Wyoming,244.8087611,Male
1999-01-01,Wyoming,244.7537366,Male
2000-01-01,Wyoming,241.3718028,Male
2001-01-01,Wyoming,241.5607137,Male
2002-01-01,Wyoming,238.4792815,Male
2003-01-01,Wyoming,235.1188841,Male
2004-01-01,Wyoming,225.7144984,Male
2005-01-01,Wyoming,225.5407432,Male
2006-01-01,Wyoming,223.543302,Male
2007-01-01,Wyoming,218.2208871,Male
2008-01-01,Wyoming,215.3521412,Male
2009-01-01,Wyoming,213.2464726,Male
2010-01-01,Wyoming,210.5423297,Male
2011-01-01,Wyoming,210.1698513,Male
2012-01-01,Wyoming,207.8571371,Male
2013-01-01,Wyoming,208.8615324,Male
2014-01-01,Wyoming,211.1605179,Male
